source_table,behavioral_disposition,target_domain_or_exclusion,behavioral_action,current_data_action,decision_id,owner,evidence,status,notes
achievements,evidence_pending,unassigned,classify_in_G0,discard_no_export_no_backup,unassigned,unassigned,reconstruction-dossier/inventories/database-objects.csv,pending,Classificacao G0 obrigatoria; dados atuais descartados
achievements_log,evidence_pending,unassigned,classify_in_G0,discard_no_export_no_backup,unassigned,unassigned,reconstruction-dossier/inventories/database-objects.csv,pending,Classificacao G0 obrigatoria; dados atuais descartados
activity_lab_clinic_profiles,evidence_pending,unassigned,classify_in_G0,discard_no_export_no_backup,unassigned,unassigned,reconstruction-dossier/inventories/database-objects.csv,pending,Classificacao G0 obrigatoria; dados atuais descartados
activity_lab_sessions,evidence_pending,unassigned,classify_in_G0,discard_no_export_no_backup,unassigned,unassigned,reconstruction-dossier/inventories/database-objects.csv,pending,Classificacao G0 obrigatoria; dados atuais descartados
agent_memories,evidence_pending,unassigned,classify_in_G0,discard_no_export_no_backup,unassigned,unassigned,reconstruction-dossier/inventories/database-objects.csv,pending,Classificacao G0 obrigatoria; dados atuais descartados
ai_config,evidence_pending,unassigned,classify_in_G0,discard_no_export_no_backup,unassigned,unassigned,reconstruction-dossier/inventories/database-objects.csv,pending,Classificacao G0 obrigatoria; dados atuais descartados
ai_models,evidence_pending,unassigned,classify_in_G0,discard_no_export_no_backup,unassigned,unassigned,reconstruction-dossier/inventories/database-objects.csv,pending,Classificacao G0 obrigatoria; dados atuais descartados
ai_peer_reviews,evidence_pending,unassigned,classify_in_G0,discard_no_export_no_backup,unassigned,unassigned,reconstruction-dossier/inventories/database-objects.csv,pending,Classificacao G0 obrigatoria; dados atuais descartados
ai_usage,evidence_pending,unassigned,classify_in_G0,discard_no_export_no_backup,unassigned,unassigned,reconstruction-dossier/inventories/database-objects.csv,pending,Classificacao G0 obrigatoria; dados atuais descartados
ai_usage_logs,evidence_pending,unassigned,classify_in_G0,discard_no_export_no_backup,unassigned,unassigned,reconstruction-dossier/inventories/database-objects.csv,pending,Classificacao G0 obrigatoria; dados atuais descartados
announcement_reads,evidence_pending,unassigned,classify_in_G0,discard_no_export_no_backup,unassigned,unassigned,reconstruction-dossier/inventories/database-objects.csv,pending,Classificacao G0 obrigatoria; dados atuais descartados
announcements,evidence_pending,unassigned,classify_in_G0,discard_no_export_no_backup,unassigned,unassigned,reconstruction-dossier/inventories/database-objects.csv,pending,Classificacao G0 obrigatoria; dados atuais descartados
appointment_reminder_log,evidence_pending,unassigned,classify_in_G0,discard_no_export_no_backup,unassigned,unassigned,reconstruction-dossier/inventories/database-objects.csv,pending,Classificacao G0 obrigatoria; dados atuais descartados
appointment_status_settings,evidence_pending,unassigned,classify_in_G0,discard_no_export_no_backup,unassigned,unassigned,reconstruction-dossier/inventories/database-objects.csv,pending,Classificacao G0 obrigatoria; dados atuais descartados
appointment_types,evidence_pending,unassigned,classify_in_G0,discard_no_export_no_backup,unassigned,unassigned,reconstruction-dossier/inventories/database-objects.csv,pending,Classificacao G0 obrigatoria; dados atuais descartados
appointments,evidence_pending,unassigned,classify_in_G0,discard_no_export_no_backup,unassigned,unassigned,reconstruction-dossier/inventories/database-objects.csv,pending,Classificacao G0 obrigatoria; dados atuais descartados
articles,evidence_pending,unassigned,classify_in_G0,discard_no_export_no_backup,unassigned,unassigned,reconstruction-dossier/inventories/database-objects.csv,pending,Classificacao G0 obrigatoria; dados atuais descartados
asset_annotations,evidence_pending,unassigned,classify_in_G0,discard_no_export_no_backup,unassigned,unassigned,reconstruction-dossier/inventories/database-objects.csv,pending,Classificacao G0 obrigatoria; dados atuais descartados
atestado_templates,evidence_pending,unassigned,classify_in_G0,discard_no_export_no_backup,unassigned,unassigned,reconstruction-dossier/inventories/database-objects.csv,pending,Classificacao G0 obrigatoria; dados atuais descartados
audio_transcription_budgets,evidence_pending,unassigned,classify_in_G0,discard_no_export_no_backup,unassigned,unassigned,reconstruction-dossier/inventories/database-objects.csv,pending,Classificacao G0 obrigatoria; dados atuais descartados
audit_logs,evidence_pending,unassigned,classify_in_G0,discard_no_export_no_backup,unassigned,unassigned,reconstruction-dossier/inventories/database-objects.csv,pending,Classificacao G0 obrigatoria; dados atuais descartados
autocomplete_catalog,evidence_pending,unassigned,classify_in_G0,discard_no_export_no_backup,unassigned,unassigned,reconstruction-dossier/inventories/database-objects.csv,pending,Classificacao G0 obrigatoria; dados atuais descartados
automation_logs,evidence_pending,unassigned,classify_in_G0,discard_no_export_no_backup,unassigned,unassigned,reconstruction-dossier/inventories/database-objects.csv,pending,Classificacao G0 obrigatoria; dados atuais descartados
automations,evidence_pending,unassigned,classify_in_G0,discard_no_export_no_backup,unassigned,unassigned,reconstruction-dossier/inventories/database-objects.csv,pending,Classificacao G0 obrigatoria; dados atuais descartados
biomechanics_annotations,evidence_pending,unassigned,classify_in_G0,discard_no_export_no_backup,unassigned,unassigned,reconstruction-dossier/inventories/database-objects.csv,pending,Classificacao G0 obrigatoria; dados atuais descartados
biomechanics_assessments,evidence_pending,unassigned,classify_in_G0,discard_no_export_no_backup,unassigned,unassigned,reconstruction-dossier/inventories/database-objects.csv,pending,Classificacao G0 obrigatoria; dados atuais descartados
biomechanics_events,evidence_pending,unassigned,classify_in_G0,discard_no_export_no_backup,unassigned,unassigned,reconstruction-dossier/inventories/database-objects.csv,pending,Classificacao G0 obrigatoria; dados atuais descartados
biomechanics_frames,evidence_pending,unassigned,classify_in_G0,discard_no_export_no_backup,unassigned,unassigned,reconstruction-dossier/inventories/database-objects.csv,pending,Classificacao G0 obrigatoria; dados atuais descartados
biomechanics_jobs,evidence_pending,unassigned,classify_in_G0,discard_no_export_no_backup,unassigned,unassigned,reconstruction-dossier/inventories/database-objects.csv,pending,Classificacao G0 obrigatoria; dados atuais descartados
biomechanics_media,evidence_pending,unassigned,classify_in_G0,discard_no_export_no_backup,unassigned,unassigned,reconstruction-dossier/inventories/database-objects.csv,pending,Classificacao G0 obrigatoria; dados atuais descartados
biomechanics_metrics,evidence_pending,unassigned,classify_in_G0,discard_no_export_no_backup,unassigned,unassigned,reconstruction-dossier/inventories/database-objects.csv,pending,Classificacao G0 obrigatoria; dados atuais descartados
biomechanics_protocols,evidence_pending,unassigned,classify_in_G0,discard_no_export_no_backup,unassigned,unassigned,reconstruction-dossier/inventories/database-objects.csv,pending,Classificacao G0 obrigatoria; dados atuais descartados
biomechanics_review_actions,evidence_pending,unassigned,classify_in_G0,discard_no_export_no_backup,unassigned,unassigned,reconstruction-dossier/inventories/database-objects.csv,pending,Classificacao G0 obrigatoria; dados atuais descartados
blocked_slots,evidence_pending,unassigned,classify_in_G0,discard_no_export_no_backup,unassigned,unassigned,reconstruction-dossier/inventories/database-objects.csv,pending,Classificacao G0 obrigatoria; dados atuais descartados
blocked_times,evidence_pending,unassigned,classify_in_G0,discard_no_export_no_backup,unassigned,unassigned,reconstruction-dossier/inventories/database-objects.csv,pending,Classificacao G0 obrigatoria; dados atuais descartados
board_automations,evidence_pending,unassigned,classify_in_G0,discard_no_export_no_backup,unassigned,unassigned,reconstruction-dossier/inventories/database-objects.csv,pending,Classificacao G0 obrigatoria; dados atuais descartados
board_checklist_templates,evidence_pending,unassigned,classify_in_G0,discard_no_export_no_backup,unassigned,unassigned,reconstruction-dossier/inventories/database-objects.csv,pending,Classificacao G0 obrigatoria; dados atuais descartados
board_columns,evidence_pending,unassigned,classify_in_G0,discard_no_export_no_backup,unassigned,unassigned,reconstruction-dossier/inventories/database-objects.csv,pending,Classificacao G0 obrigatoria; dados atuais descartados
board_labels,evidence_pending,unassigned,classify_in_G0,discard_no_export_no_backup,unassigned,unassigned,reconstruction-dossier/inventories/database-objects.csv,pending,Classificacao G0 obrigatoria; dados atuais descartados
boards,evidence_pending,unassigned,classify_in_G0,discard_no_export_no_backup,unassigned,unassigned,reconstruction-dossier/inventories/database-objects.csv,pending,Classificacao G0 obrigatoria; dados atuais descartados
business_hours,evidence_pending,unassigned,classify_in_G0,discard_no_export_no_backup,unassigned,unassigned,reconstruction-dossier/inventories/database-objects.csv,pending,Classificacao G0 obrigatoria; dados atuais descartados
business_metrics,evidence_pending,unassigned,classify_in_G0,discard_no_export_no_backup,unassigned,unassigned,reconstruction-dossier/inventories/database-objects.csv,pending,Classificacao G0 obrigatoria; dados atuais descartados
cancellation_rules,evidence_pending,unassigned,classify_in_G0,discard_no_export_no_backup,unassigned,unassigned,reconstruction-dossier/inventories/database-objects.csv,pending,Classificacao G0 obrigatoria; dados atuais descartados
card_patient_mappings,evidence_pending,unassigned,classify_in_G0,discard_no_export_no_backup,unassigned,unassigned,reconstruction-dossier/inventories/database-objects.csv,pending,Classificacao G0 obrigatoria; dados atuais descartados
centros_custo,evidence_pending,unassigned,classify_in_G0,discard_no_export_no_backup,unassigned,unassigned,reconstruction-dossier/inventories/database-objects.csv,pending,Classificacao G0 obrigatoria; dados atuais descartados
checklist_items,evidence_pending,unassigned,classify_in_G0,discard_no_export_no_backup,unassigned,unassigned,reconstruction-dossier/inventories/database-objects.csv,pending,Classificacao G0 obrigatoria; dados atuais descartados
clinic_inventory,evidence_pending,unassigned,classify_in_G0,discard_no_export_no_backup,unassigned,unassigned,reconstruction-dossier/inventories/database-objects.csv,pending,Classificacao G0 obrigatoria; dados atuais descartados
clinic_profiles,evidence_pending,unassigned,classify_in_G0,discard_no_export_no_backup,unassigned,unassigned,reconstruction-dossier/inventories/database-objects.csv,pending,Classificacao G0 obrigatoria; dados atuais descartados
clinical_access_logs,evidence_pending,unassigned,classify_in_G0,discard_no_export_no_backup,unassigned,unassigned,reconstruction-dossier/inventories/database-objects.csv,pending,Classificacao G0 obrigatoria; dados atuais descartados
clinical_alerts,evidence_pending,unassigned,classify_in_G0,discard_no_export_no_backup,unassigned,unassigned,reconstruction-dossier/inventories/database-objects.csv,pending,Classificacao G0 obrigatoria; dados atuais descartados
clinical_benchmarks,evidence_pending,unassigned,classify_in_G0,discard_no_export_no_backup,unassigned,unassigned,reconstruction-dossier/inventories/database-objects.csv,pending,Classificacao G0 obrigatoria; dados atuais descartados
clinical_embeddings,evidence_pending,unassigned,classify_in_G0,discard_no_export_no_backup,unassigned,unassigned,reconstruction-dossier/inventories/database-objects.csv,pending,Classificacao G0 obrigatoria; dados atuais descartados
clinical_reasoning_logs,evidence_pending,unassigned,classify_in_G0,discard_no_export_no_backup,unassigned,unassigned,reconstruction-dossier/inventories/database-objects.csv,pending,Classificacao G0 obrigatoria; dados atuais descartados
clinical_resource_suggestions,evidence_pending,unassigned,classify_in_G0,discard_no_export_no_backup,unassigned,unassigned,reconstruction-dossier/inventories/database-objects.csv,pending,Classificacao G0 obrigatoria; dados atuais descartados
clinical_scribe_logs,evidence_pending,unassigned,classify_in_G0,discard_no_export_no_backup,unassigned,unassigned,reconstruction-dossier/inventories/database-objects.csv,pending,Classificacao G0 obrigatoria; dados atuais descartados
clinical_test_templates,evidence_pending,unassigned,classify_in_G0,discard_no_export_no_backup,unassigned,unassigned,reconstruction-dossier/inventories/database-objects.csv,pending,Classificacao G0 obrigatoria; dados atuais descartados
commission_payouts,evidence_pending,unassigned,classify_in_G0,discard_no_export_no_backup,unassigned,unassigned,reconstruction-dossier/inventories/database-objects.csv,pending,Classificacao G0 obrigatoria; dados atuais descartados
communication_logs,evidence_pending,unassigned,classify_in_G0,discard_no_export_no_backup,unassigned,unassigned,reconstruction-dossier/inventories/database-objects.csv,pending,Classificacao G0 obrigatoria; dados atuais descartados
conduct_library,evidence_pending,unassigned,classify_in_G0,discard_no_export_no_backup,unassigned,unassigned,reconstruction-dossier/inventories/database-objects.csv,pending,Classificacao G0 obrigatoria; dados atuais descartados
contact_activities,evidence_pending,unassigned,classify_in_G0,discard_no_export_no_backup,unassigned,unassigned,reconstruction-dossier/inventories/database-objects.csv,pending,Classificacao G0 obrigatoria; dados atuais descartados
contact_scores,evidence_pending,unassigned,classify_in_G0,discard_no_export_no_backup,unassigned,unassigned,reconstruction-dossier/inventories/database-objects.csv,pending,Classificacao G0 obrigatoria; dados atuais descartados
contacts,evidence_pending,unassigned,classify_in_G0,discard_no_export_no_backup,unassigned,unassigned,reconstruction-dossier/inventories/database-objects.csv,pending,Classificacao G0 obrigatoria; dados atuais descartados
contas_financeiras,evidence_pending,unassigned,classify_in_G0,discard_no_export_no_backup,unassigned,unassigned,reconstruction-dossier/inventories/database-objects.csv,pending,Classificacao G0 obrigatoria; dados atuais descartados
content_calendar,evidence_pending,unassigned,classify_in_G0,discard_no_export_no_backup,unassigned,unassigned,reconstruction-dossier/inventories/database-objects.csv,pending,Classificacao G0 obrigatoria; dados atuais descartados
contratados,evidence_pending,unassigned,classify_in_G0,discard_no_export_no_backup,unassigned,unassigned,reconstruction-dossier/inventories/database-objects.csv,pending,Classificacao G0 obrigatoria; dados atuais descartados
contrato_templates,evidence_pending,unassigned,classify_in_G0,discard_no_export_no_backup,unassigned,unassigned,reconstruction-dossier/inventories/database-objects.csv,pending,Classificacao G0 obrigatoria; dados atuais descartados
convenio_reports,evidence_pending,unassigned,classify_in_G0,discard_no_export_no_backup,unassigned,unassigned,reconstruction-dossier/inventories/database-objects.csv,pending,Classificacao G0 obrigatoria; dados atuais descartados
convenios,evidence_pending,unassigned,classify_in_G0,discard_no_export_no_backup,unassigned,unassigned,reconstruction-dossier/inventories/database-objects.csv,pending,Classificacao G0 obrigatoria; dados atuais descartados
cost_centers,evidence_pending,unassigned,classify_in_G0,discard_no_export_no_backup,unassigned,unassigned,reconstruction-dossier/inventories/database-objects.csv,pending,Classificacao G0 obrigatoria; dados atuais descartados
crm_automation_executions,evidence_pending,unassigned,classify_in_G0,discard_no_export_no_backup,unassigned,unassigned,reconstruction-dossier/inventories/database-objects.csv,pending,Classificacao G0 obrigatoria; dados atuais descartados
crm_automation_rules,evidence_pending,unassigned,classify_in_G0,discard_no_export_no_backup,unassigned,unassigned,reconstruction-dossier/inventories/database-objects.csv,pending,Classificacao G0 obrigatoria; dados atuais descartados
crm_campanha_envios,evidence_pending,unassigned,classify_in_G0,discard_no_export_no_backup,unassigned,unassigned,reconstruction-dossier/inventories/database-objects.csv,pending,Classificacao G0 obrigatoria; dados atuais descartados
crm_campanhas,evidence_pending,unassigned,classify_in_G0,discard_no_export_no_backup,unassigned,unassigned,reconstruction-dossier/inventories/database-objects.csv,pending,Classificacao G0 obrigatoria; dados atuais descartados
crm_tarefas,evidence_pending,unassigned,classify_in_G0,discard_no_export_no_backup,unassigned,unassigned,reconstruction-dossier/inventories/database-objects.csv,pending,Classificacao G0 obrigatoria; dados atuais descartados
daily_quests,evidence_pending,unassigned,classify_in_G0,discard_no_export_no_backup,unassigned,unassigned,reconstruction-dossier/inventories/database-objects.csv,pending,Classificacao G0 obrigatoria; dados atuais descartados
digital_twin_snapshots,evidence_pending,unassigned,classify_in_G0,discard_no_export_no_backup,unassigned,unassigned,reconstruction-dossier/inventories/database-objects.csv,pending,Classificacao G0 obrigatoria; dados atuais descartados
doctors,evidence_pending,unassigned,classify_in_G0,discard_no_export_no_backup,unassigned,unassigned,reconstruction-dossier/inventories/database-objects.csv,pending,Classificacao G0 obrigatoria; dados atuais descartados
document_signatures,evidence_pending,unassigned,classify_in_G0,discard_no_export_no_backup,unassigned,unassigned,reconstruction-dossier/inventories/database-objects.csv,pending,Classificacao G0 obrigatoria; dados atuais descartados
empresas_parceiras,evidence_pending,unassigned,classify_in_G0,discard_no_export_no_backup,unassigned,unassigned,reconstruction-dossier/inventories/database-objects.csv,pending,Classificacao G0 obrigatoria; dados atuais descartados
evaluation_form_fields,evidence_pending,unassigned,classify_in_G0,discard_no_export_no_backup,unassigned,unassigned,reconstruction-dossier/inventories/database-objects.csv,pending,Classificacao G0 obrigatoria; dados atuais descartados
evaluation_forms,evidence_pending,unassigned,classify_in_G0,discard_no_export_no_backup,unassigned,unassigned,reconstruction-dossier/inventories/database-objects.csv,pending,Classificacao G0 obrigatoria; dados atuais descartados
evaluation_templates,evidence_pending,unassigned,classify_in_G0,discard_no_export_no_backup,unassigned,unassigned,reconstruction-dossier/inventories/database-objects.csv,pending,Classificacao G0 obrigatoria; dados atuais descartados
evento_contratados,evidence_pending,unassigned,classify_in_G0,discard_no_export_no_backup,unassigned,unassigned,reconstruction-dossier/inventories/database-objects.csv,pending,Classificacao G0 obrigatoria; dados atuais descartados
evento_templates,evidence_pending,unassigned,classify_in_G0,discard_no_export_no_backup,unassigned,unassigned,reconstruction-dossier/inventories/database-objects.csv,pending,Classificacao G0 obrigatoria; dados atuais descartados
eventos,evidence_pending,unassigned,classify_in_G0,discard_no_export_no_backup,unassigned,unassigned,reconstruction-dossier/inventories/database-objects.csv,pending,Classificacao G0 obrigatoria; dados atuais descartados
evidence_articles,evidence_pending,unassigned,classify_in_G0,discard_no_export_no_backup,unassigned,unassigned,reconstruction-dossier/inventories/database-objects.csv,pending,Classificacao G0 obrigatoria; dados atuais descartados
evidence_links,evidence_pending,unassigned,classify_in_G0,discard_no_export_no_backup,unassigned,unassigned,reconstruction-dossier/inventories/database-objects.csv,pending,Classificacao G0 obrigatoria; dados atuais descartados
evolution_measurements,evidence_pending,unassigned,classify_in_G0,discard_no_export_no_backup,unassigned,unassigned,reconstruction-dossier/inventories/database-objects.csv,pending,Classificacao G0 obrigatoria; dados atuais descartados
evolution_templates,evidence_pending,unassigned,classify_in_G0,discard_no_export_no_backup,unassigned,unassigned,reconstruction-dossier/inventories/database-objects.csv,pending,Classificacao G0 obrigatoria; dados atuais descartados
evolution_versions,evidence_pending,unassigned,classify_in_G0,discard_no_export_no_backup,unassigned,unassigned,reconstruction-dossier/inventories/database-objects.csv,pending,Classificacao G0 obrigatoria; dados atuais descartados
exercise_categories,evidence_pending,unassigned,classify_in_G0,discard_no_export_no_backup,unassigned,unassigned,reconstruction-dossier/inventories/database-objects.csv,pending,Classificacao G0 obrigatoria; dados atuais descartados
exercise_favorites,evidence_pending,unassigned,classify_in_G0,discard_no_export_no_backup,unassigned,unassigned,reconstruction-dossier/inventories/database-objects.csv,pending,Classificacao G0 obrigatoria; dados atuais descartados
exercise_import_candidates,evidence_pending,unassigned,classify_in_G0,discard_no_export_no_backup,unassigned,unassigned,reconstruction-dossier/inventories/database-objects.csv,pending,Classificacao G0 obrigatoria; dados atuais descartados
exercise_media_attachments,evidence_pending,unassigned,classify_in_G0,discard_no_export_no_backup,unassigned,unassigned,reconstruction-dossier/inventories/database-objects.csv,pending,Classificacao G0 obrigatoria; dados atuais descartados
exercise_plan_items,evidence_pending,unassigned,classify_in_G0,discard_no_export_no_backup,unassigned,unassigned,reconstruction-dossier/inventories/database-objects.csv,pending,Classificacao G0 obrigatoria; dados atuais descartados
exercise_plans,evidence_pending,unassigned,classify_in_G0,discard_no_export_no_backup,unassigned,unassigned,reconstruction-dossier/inventories/database-objects.csv,pending,Classificacao G0 obrigatoria; dados atuais descartados
exercise_prescriptions,evidence_pending,unassigned,classify_in_G0,discard_no_export_no_backup,unassigned,unassigned,reconstruction-dossier/inventories/database-objects.csv,pending,Classificacao G0 obrigatoria; dados atuais descartados
exercise_protocols,evidence_pending,unassigned,classify_in_G0,discard_no_export_no_backup,unassigned,unassigned,reconstruction-dossier/inventories/database-objects.csv,pending,Classificacao G0 obrigatoria; dados atuais descartados
exercise_sessions,evidence_pending,unassigned,classify_in_G0,discard_no_export_no_backup,unassigned,unassigned,reconstruction-dossier/inventories/database-objects.csv,pending,Classificacao G0 obrigatoria; dados atuais descartados
exercise_template_categories,evidence_pending,unassigned,classify_in_G0,discard_no_export_no_backup,unassigned,unassigned,reconstruction-dossier/inventories/database-objects.csv,pending,Classificacao G0 obrigatoria; dados atuais descartados
exercise_template_items,evidence_pending,unassigned,classify_in_G0,discard_no_export_no_backup,unassigned,unassigned,reconstruction-dossier/inventories/database-objects.csv,pending,Classificacao G0 obrigatoria; dados atuais descartados
exercise_templates,evidence_pending,unassigned,classify_in_G0,discard_no_export_no_backup,unassigned,unassigned,reconstruction-dossier/inventories/database-objects.csv,pending,Classificacao G0 obrigatoria; dados atuais descartados
exercise_videos,evidence_pending,unassigned,classify_in_G0,discard_no_export_no_backup,unassigned,unassigned,reconstruction-dossier/inventories/database-objects.csv,pending,Classificacao G0 obrigatoria; dados atuais descartados
exercises,evidence_pending,unassigned,classify_in_G0,discard_no_export_no_backup,unassigned,unassigned,reconstruction-dossier/inventories/database-objects.csv,pending,Classificacao G0 obrigatoria; dados atuais descartados
fcm_tokens,evidence_pending,unassigned,classify_in_G0,discard_no_export_no_backup,unassigned,unassigned,reconstruction-dossier/inventories/database-objects.csv,pending,Classificacao G0 obrigatoria; dados atuais descartados
feriados,evidence_pending,unassigned,classify_in_G0,discard_no_export_no_backup,unassigned,unassigned,reconstruction-dossier/inventories/database-objects.csv,pending,Classificacao G0 obrigatoria; dados atuais descartados
financial_accounts,evidence_pending,unassigned,classify_in_G0,discard_no_export_no_backup,unassigned,unassigned,reconstruction-dossier/inventories/database-objects.csv,pending,Classificacao G0 obrigatoria; dados atuais descartados
fisio_link_analytics,evidence_pending,unassigned,classify_in_G0,discard_no_export_no_backup,unassigned,unassigned,reconstruction-dossier/inventories/database-objects.csv,pending,Classificacao G0 obrigatoria; dados atuais descartados
fisio_links,evidence_pending,unassigned,classify_in_G0,discard_no_export_no_backup,unassigned,unassigned,reconstruction-dossier/inventories/database-objects.csv,pending,Classificacao G0 obrigatoria; dados atuais descartados
force_sessions,evidence_pending,unassigned,classify_in_G0,discard_no_export_no_backup,unassigned,unassigned,reconstruction-dossier/inventories/database-objects.csv,pending,Classificacao G0 obrigatoria; dados atuais descartados
formas_pagamento,evidence_pending,unassigned,classify_in_G0,discard_no_export_no_backup,unassigned,unassigned,reconstruction-dossier/inventories/database-objects.csv,pending,Classificacao G0 obrigatoria; dados atuais descartados
fornecedores,evidence_pending,unassigned,classify_in_G0,discard_no_export_no_backup,unassigned,unassigned,reconstruction-dossier/inventories/database-objects.csv,pending,Classificacao G0 obrigatoria; dados atuais descartados
gamification_notifications,evidence_pending,unassigned,classify_in_G0,discard_no_export_no_backup,unassigned,unassigned,reconstruction-dossier/inventories/database-objects.csv,pending,Classificacao G0 obrigatoria; dados atuais descartados
gamification_settings,evidence_pending,unassigned,classify_in_G0,discard_no_export_no_backup,unassigned,unassigned,reconstruction-dossier/inventories/database-objects.csv,pending,Classificacao G0 obrigatoria; dados atuais descartados
generated_reports,evidence_pending,unassigned,classify_in_G0,discard_no_export_no_backup,unassigned,unassigned,reconstruction-dossier/inventories/database-objects.csv,pending,Classificacao G0 obrigatoria; dados atuais descartados
goal_profiles,evidence_pending,unassigned,classify_in_G0,discard_no_export_no_backup,unassigned,unassigned,reconstruction-dossier/inventories/database-objects.csv,pending,Classificacao G0 obrigatoria; dados atuais descartados
goals,evidence_pending,unassigned,classify_in_G0,discard_no_export_no_backup,unassigned,unassigned,reconstruction-dossier/inventories/database-objects.csv,pending,Classificacao G0 obrigatoria; dados atuais descartados
google_drive_items,evidence_pending,unassigned,classify_in_G0,discard_no_export_no_backup,unassigned,unassigned,reconstruction-dossier/inventories/database-objects.csv,pending,Classificacao G0 obrigatoria; dados atuais descartados
google_integrations,evidence_pending,unassigned,classify_in_G0,discard_no_export_no_backup,unassigned,unassigned,reconstruction-dossier/inventories/database-objects.csv,pending,Classificacao G0 obrigatoria; dados atuais descartados
google_sync_logs,evidence_pending,unassigned,classify_in_G0,discard_no_export_no_backup,unassigned,unassigned,reconstruction-dossier/inventories/database-objects.csv,pending,Classificacao G0 obrigatoria; dados atuais descartados
group_checkins,do_not_port,excluded_groups_classes,excluded_capability,discard_no_export_no_backup,DEC-001,proprietario,reconstruction-dossier/inventories/database-objects.csv,accepted,Capacidade coletiva excluida; dados atuais descartados
group_class_schedules,do_not_port,excluded_groups_classes,excluded_capability,discard_no_export_no_backup,DEC-001,proprietario,reconstruction-dossier/inventories/database-objects.csv,accepted,Capacidade coletiva excluida; dados atuais descartados
group_classes,do_not_port,excluded_groups_classes,excluded_capability,discard_no_export_no_backup,DEC-001,proprietario,reconstruction-dossier/inventories/database-objects.csv,accepted,Capacidade coletiva excluida; dados atuais descartados
group_enrollments,do_not_port,excluded_groups_classes,excluded_capability,discard_no_export_no_backup,DEC-001,proprietario,reconstruction-dossier/inventories/database-objects.csv,accepted,Capacidade coletiva excluida; dados atuais descartados
group_sessions,do_not_port,excluded_groups_classes,excluded_capability,discard_no_export_no_backup,DEC-001,proprietario,reconstruction-dossier/inventories/database-objects.csv,accepted,Capacidade coletiva excluida; dados atuais descartados
group_waitlist,do_not_port,excluded_groups_classes,excluded_capability,discard_no_export_no_backup,DEC-001,proprietario,reconstruction-dossier/inventories/database-objects.csv,accepted,Capacidade coletiva excluida; dados atuais descartados
health_insurances,evidence_pending,unassigned,classify_in_G0,discard_no_export_no_backup,unassigned,unassigned,reconstruction-dossier/inventories/database-objects.csv,pending,Classificacao G0 obrigatoria; dados atuais descartados
identity_history,evidence_pending,unassigned,classify_in_G0,discard_no_export_no_backup,unassigned,unassigned,reconstruction-dossier/inventories/database-objects.csv,pending,Classificacao G0 obrigatoria; dados atuais descartados
inventory_movements,evidence_pending,unassigned,classify_in_G0,discard_no_export_no_backup,unassigned,unassigned,reconstruction-dossier/inventories/database-objects.csv,pending,Classificacao G0 obrigatoria; dados atuais descartados
jules_learnings,evidence_pending,unassigned,classify_in_G0,discard_no_export_no_backup,unassigned,unassigned,reconstruction-dossier/inventories/database-objects.csv,pending,Classificacao G0 obrigatoria; dados atuais descartados
jules_pr_reviews,evidence_pending,unassigned,classify_in_G0,discard_no_export_no_backup,unassigned,unassigned,reconstruction-dossier/inventories/database-objects.csv,pending,Classificacao G0 obrigatoria; dados atuais descartados
knowledge_annotations,evidence_pending,unassigned,classify_in_G0,discard_no_export_no_backup,unassigned,unassigned,reconstruction-dossier/inventories/database-objects.csv,pending,Classificacao G0 obrigatoria; dados atuais descartados
knowledge_articles,evidence_pending,unassigned,classify_in_G0,discard_no_export_no_backup,unassigned,unassigned,reconstruction-dossier/inventories/database-objects.csv,pending,Classificacao G0 obrigatoria; dados atuais descartados
knowledge_audit,evidence_pending,unassigned,classify_in_G0,discard_no_export_no_backup,unassigned,unassigned,reconstruction-dossier/inventories/database-objects.csv,pending,Classificacao G0 obrigatoria; dados atuais descartados
knowledge_curation,evidence_pending,unassigned,classify_in_G0,discard_no_export_no_backup,unassigned,unassigned,reconstruction-dossier/inventories/database-objects.csv,pending,Classificacao G0 obrigatoria; dados atuais descartados
knowledge_notes,evidence_pending,unassigned,classify_in_G0,discard_no_export_no_backup,unassigned,unassigned,reconstruction-dossier/inventories/database-objects.csv,pending,Classificacao G0 obrigatoria; dados atuais descartados
lead_historico,evidence_pending,unassigned,classify_in_G0,discard_no_export_no_backup,unassigned,unassigned,reconstruction-dossier/inventories/database-objects.csv,pending,Classificacao G0 obrigatoria; dados atuais descartados
leads,evidence_pending,unassigned,classify_in_G0,discard_no_export_no_backup,unassigned,unassigned,reconstruction-dossier/inventories/database-objects.csv,pending,Classificacao G0 obrigatoria; dados atuais descartados
lgpd_consents,evidence_pending,unassigned,classify_in_G0,discard_no_export_no_backup,unassigned,unassigned,reconstruction-dossier/inventories/database-objects.csv,pending,Classificacao G0 obrigatoria; dados atuais descartados
lgpd_deletion_requests,evidence_pending,unassigned,classify_in_G0,discard_no_export_no_backup,unassigned,unassigned,reconstruction-dossier/inventories/database-objects.csv,pending,Classificacao G0 obrigatoria; dados atuais descartados
marketing_birthday_configs,evidence_pending,unassigned,classify_in_G0,discard_no_export_no_backup,unassigned,unassigned,reconstruction-dossier/inventories/database-objects.csv,pending,Classificacao G0 obrigatoria; dados atuais descartados
marketing_consents,evidence_pending,unassigned,classify_in_G0,discard_no_export_no_backup,unassigned,unassigned,reconstruction-dossier/inventories/database-objects.csv,pending,Classificacao G0 obrigatoria; dados atuais descartados
marketing_exports,evidence_pending,unassigned,classify_in_G0,discard_no_export_no_backup,unassigned,unassigned,reconstruction-dossier/inventories/database-objects.csv,pending,Classificacao G0 obrigatoria; dados atuais descartados
marketing_recall_campaigns,evidence_pending,unassigned,classify_in_G0,discard_no_export_no_backup,unassigned,unassigned,reconstruction-dossier/inventories/database-objects.csv,pending,Classificacao G0 obrigatoria; dados atuais descartados
marketing_review_configs,evidence_pending,unassigned,classify_in_G0,discard_no_export_no_backup,unassigned,unassigned,reconstruction-dossier/inventories/database-objects.csv,pending,Classificacao G0 obrigatoria; dados atuais descartados
media_gallery,evidence_pending,unassigned,classify_in_G0,discard_no_export_no_backup,unassigned,unassigned,reconstruction-dossier/inventories/database-objects.csv,pending,Classificacao G0 obrigatoria; dados atuais descartados
medical_attachments,evidence_pending,unassigned,classify_in_G0,discard_no_export_no_backup,unassigned,unassigned,reconstruction-dossier/inventories/database-objects.csv,pending,Classificacao G0 obrigatoria; dados atuais descartados
medical_records,evidence_pending,unassigned,classify_in_G0,discard_no_export_no_backup,unassigned,unassigned,reconstruction-dossier/inventories/database-objects.csv,pending,Classificacao G0 obrigatoria; dados atuais descartados
medical_report_templates,evidence_pending,unassigned,classify_in_G0,discard_no_export_no_backup,unassigned,unassigned,reconstruction-dossier/inventories/database-objects.csv,pending,Classificacao G0 obrigatoria; dados atuais descartados
medical_reports,evidence_pending,unassigned,classify_in_G0,discard_no_export_no_backup,unassigned,unassigned,reconstruction-dossier/inventories/database-objects.csv,pending,Classificacao G0 obrigatoria; dados atuais descartados
medical_request_files,evidence_pending,unassigned,classify_in_G0,discard_no_export_no_backup,unassigned,unassigned,reconstruction-dossier/inventories/database-objects.csv,pending,Classificacao G0 obrigatoria; dados atuais descartados
medical_requests,evidence_pending,unassigned,classify_in_G0,discard_no_export_no_backup,unassigned,unassigned,reconstruction-dossier/inventories/database-objects.csv,pending,Classificacao G0 obrigatoria; dados atuais descartados
messages,evidence_pending,unassigned,classify_in_G0,discard_no_export_no_backup,unassigned,unassigned,reconstruction-dossier/inventories/database-objects.csv,pending,Classificacao G0 obrigatoria; dados atuais descartados
mfa_enrollments,evidence_pending,unassigned,classify_in_G0,discard_no_export_no_backup,unassigned,unassigned,reconstruction-dossier/inventories/database-objects.csv,pending,Classificacao G0 obrigatoria; dados atuais descartados
mfa_settings,evidence_pending,unassigned,classify_in_G0,discard_no_export_no_backup,unassigned,unassigned,reconstruction-dossier/inventories/database-objects.csv,pending,Classificacao G0 obrigatoria; dados atuais descartados
ml_training_data,evidence_pending,unassigned,classify_in_G0,discard_no_export_no_backup,unassigned,unassigned,reconstruction-dossier/inventories/database-objects.csv,pending,Classificacao G0 obrigatoria; dados atuais descartados
nfse,evidence_pending,unassigned,classify_in_G0,discard_no_export_no_backup,unassigned,unassigned,reconstruction-dossier/inventories/database-objects.csv,pending,Classificacao G0 obrigatoria; dados atuais descartados
nfse_config,evidence_pending,unassigned,classify_in_G0,discard_no_export_no_backup,unassigned,unassigned,reconstruction-dossier/inventories/database-objects.csv,pending,Classificacao G0 obrigatoria; dados atuais descartados
nfse_records,evidence_pending,unassigned,classify_in_G0,discard_no_export_no_backup,unassigned,unassigned,reconstruction-dossier/inventories/database-objects.csv,pending,Classificacao G0 obrigatoria; dados atuais descartados
notification_preferences,evidence_pending,unassigned,classify_in_G0,discard_no_export_no_backup,unassigned,unassigned,reconstruction-dossier/inventories/database-objects.csv,pending,Classificacao G0 obrigatoria; dados atuais descartados
notifications,evidence_pending,unassigned,classify_in_G0,discard_no_export_no_backup,unassigned,unassigned,reconstruction-dossier/inventories/database-objects.csv,pending,Classificacao G0 obrigatoria; dados atuais descartados
nps_surveys,evidence_pending,unassigned,classify_in_G0,discard_no_export_no_backup,unassigned,unassigned,reconstruction-dossier/inventories/database-objects.csv,pending,Classificacao G0 obrigatoria; dados atuais descartados
organization_members,evidence_pending,unassigned,classify_in_G0,discard_no_export_no_backup,unassigned,unassigned,reconstruction-dossier/inventories/database-objects.csv,pending,Classificacao G0 obrigatoria; dados atuais descartados
organizations,evidence_pending,unassigned,classify_in_G0,discard_no_export_no_backup,unassigned,unassigned,reconstruction-dossier/inventories/database-objects.csv,pending,Classificacao G0 obrigatoria; dados atuais descartados
package_session_log,evidence_pending,unassigned,classify_in_G0,discard_no_export_no_backup,unassigned,unassigned,reconstruction-dossier/inventories/database-objects.csv,pending,Classificacao G0 obrigatoria; dados atuais descartados
package_usage,evidence_pending,unassigned,classify_in_G0,discard_no_export_no_backup,unassigned,unassigned,reconstruction-dossier/inventories/database-objects.csv,pending,Classificacao G0 obrigatoria; dados atuais descartados
pagamentos,evidence_pending,unassigned,classify_in_G0,discard_no_export_no_backup,unassigned,unassigned,reconstruction-dossier/inventories/database-objects.csv,pending,Classificacao G0 obrigatoria; dados atuais descartados
pain_map_points,evidence_pending,unassigned,classify_in_G0,discard_no_export_no_backup,unassigned,unassigned,reconstruction-dossier/inventories/database-objects.csv,pending,Classificacao G0 obrigatoria; dados atuais descartados
pain_maps,evidence_pending,unassigned,classify_in_G0,discard_no_export_no_backup,unassigned,unassigned,reconstruction-dossier/inventories/database-objects.csv,pending,Classificacao G0 obrigatoria; dados atuais descartados
participantes,evidence_pending,unassigned,classify_in_G0,discard_no_export_no_backup,unassigned,unassigned,reconstruction-dossier/inventories/database-objects.csv,pending,Classificacao G0 obrigatoria; dados atuais descartados
partner_companies,evidence_pending,unassigned,classify_in_G0,discard_no_export_no_backup,unassigned,unassigned,reconstruction-dossier/inventories/database-objects.csv,pending,Classificacao G0 obrigatoria; dados atuais descartados
pathologies,evidence_pending,unassigned,classify_in_G0,discard_no_export_no_backup,unassigned,unassigned,reconstruction-dossier/inventories/database-objects.csv,pending,Classificacao G0 obrigatoria; dados atuais descartados
pathology_required_measurements,evidence_pending,unassigned,classify_in_G0,discard_no_export_no_backup,unassigned,unassigned,reconstruction-dossier/inventories/database-objects.csv,pending,Classificacao G0 obrigatoria; dados atuais descartados
patient_achievements,evidence_pending,unassigned,classify_in_G0,discard_no_export_no_backup,unassigned,unassigned,reconstruction-dossier/inventories/database-objects.csv,pending,Classificacao G0 obrigatoria; dados atuais descartados
patient_adherence_predictions,evidence_pending,unassigned,classify_in_G0,discard_no_export_no_backup,unassigned,unassigned,reconstruction-dossier/inventories/database-objects.csv,pending,Classificacao G0 obrigatoria; dados atuais descartados
patient_challenges,evidence_pending,unassigned,classify_in_G0,discard_no_export_no_backup,unassigned,unassigned,reconstruction-dossier/inventories/database-objects.csv,pending,Classificacao G0 obrigatoria; dados atuais descartados
patient_documents,evidence_pending,unassigned,classify_in_G0,discard_no_export_no_backup,unassigned,unassigned,reconstruction-dossier/inventories/database-objects.csv,pending,Classificacao G0 obrigatoria; dados atuais descartados
patient_evaluation_responses,evidence_pending,unassigned,classify_in_G0,discard_no_export_no_backup,unassigned,unassigned,reconstruction-dossier/inventories/database-objects.csv,pending,Classificacao G0 obrigatoria; dados atuais descartados
patient_exam_files,evidence_pending,unassigned,classify_in_G0,discard_no_export_no_backup,unassigned,unassigned,reconstruction-dossier/inventories/database-objects.csv,pending,Classificacao G0 obrigatoria; dados atuais descartados
patient_exams,evidence_pending,unassigned,classify_in_G0,discard_no_export_no_backup,unassigned,unassigned,reconstruction-dossier/inventories/database-objects.csv,pending,Classificacao G0 obrigatoria; dados atuais descartados
patient_exercise_logs,evidence_pending,unassigned,classify_in_G0,discard_no_export_no_backup,unassigned,unassigned,reconstruction-dossier/inventories/database-objects.csv,pending,Classificacao G0 obrigatoria; dados atuais descartados
patient_gamification,evidence_pending,unassigned,classify_in_G0,discard_no_export_no_backup,unassigned,unassigned,reconstruction-dossier/inventories/database-objects.csv,pending,Classificacao G0 obrigatoria; dados atuais descartados
patient_goal_tracking,evidence_pending,unassigned,classify_in_G0,discard_no_export_no_backup,unassigned,unassigned,reconstruction-dossier/inventories/database-objects.csv,pending,Classificacao G0 obrigatoria; dados atuais descartados
patient_goals,evidence_pending,unassigned,classify_in_G0,discard_no_export_no_backup,unassigned,unassigned,reconstruction-dossier/inventories/database-objects.csv,pending,Classificacao G0 obrigatoria; dados atuais descartados
patient_home_exercises,evidence_pending,unassigned,classify_in_G0,discard_no_export_no_backup,unassigned,unassigned,reconstruction-dossier/inventories/database-objects.csv,pending,Classificacao G0 obrigatoria; dados atuais descartados
patient_insights,evidence_pending,unassigned,classify_in_G0,discard_no_export_no_backup,unassigned,unassigned,reconstruction-dossier/inventories/database-objects.csv,pending,Classificacao G0 obrigatoria; dados atuais descartados
patient_lifecycle_events,evidence_pending,unassigned,classify_in_G0,discard_no_export_no_backup,unassigned,unassigned,reconstruction-dossier/inventories/database-objects.csv,pending,Classificacao G0 obrigatoria; dados atuais descartados
patient_longitudinal_summary,evidence_pending,unassigned,classify_in_G0,discard_no_export_no_backup,unassigned,unassigned,reconstruction-dossier/inventories/database-objects.csv,pending,Classificacao G0 obrigatoria; dados atuais descartados
patient_medical_returns,evidence_pending,unassigned,classify_in_G0,discard_no_export_no_backup,unassigned,unassigned,reconstruction-dossier/inventories/database-objects.csv,pending,Classificacao G0 obrigatoria; dados atuais descartados
patient_objective_assignments,evidence_pending,unassigned,classify_in_G0,discard_no_export_no_backup,unassigned,unassigned,reconstruction-dossier/inventories/database-objects.csv,pending,Classificacao G0 obrigatoria; dados atuais descartados
patient_objectives,evidence_pending,unassigned,classify_in_G0,discard_no_export_no_backup,unassigned,unassigned,reconstruction-dossier/inventories/database-objects.csv,pending,Classificacao G0 obrigatoria; dados atuais descartados
patient_outcome_measures,evidence_pending,unassigned,classify_in_G0,discard_no_export_no_backup,unassigned,unassigned,reconstruction-dossier/inventories/database-objects.csv,pending,Classificacao G0 obrigatoria; dados atuais descartados
patient_packages,evidence_pending,unassigned,classify_in_G0,discard_no_export_no_backup,unassigned,unassigned,reconstruction-dossier/inventories/database-objects.csv,pending,Classificacao G0 obrigatoria; dados atuais descartados
patient_pathologies,evidence_pending,unassigned,classify_in_G0,discard_no_export_no_backup,unassigned,unassigned,reconstruction-dossier/inventories/database-objects.csv,pending,Classificacao G0 obrigatoria; dados atuais descartados
patient_photos,evidence_pending,unassigned,classify_in_G0,discard_no_export_no_backup,unassigned,unassigned,reconstruction-dossier/inventories/database-objects.csv,pending,Classificacao G0 obrigatoria; dados atuais descartados
patient_portal_users,evidence_pending,unassigned,classify_in_G0,discard_no_export_no_backup,unassigned,unassigned,reconstruction-dossier/inventories/database-objects.csv,pending,Classificacao G0 obrigatoria; dados atuais descartados
patient_predictions,evidence_pending,unassigned,classify_in_G0,discard_no_export_no_backup,unassigned,unassigned,reconstruction-dossier/inventories/database-objects.csv,pending,Classificacao G0 obrigatoria; dados atuais descartados
patient_self_assessments,evidence_pending,unassigned,classify_in_G0,discard_no_export_no_backup,unassigned,unassigned,reconstruction-dossier/inventories/database-objects.csv,pending,Classificacao G0 obrigatoria; dados atuais descartados
patient_session_metrics,evidence_pending,unassigned,classify_in_G0,discard_no_export_no_backup,unassigned,unassigned,reconstruction-dossier/inventories/database-objects.csv,pending,Classificacao G0 obrigatoria; dados atuais descartados
patient_streaks,evidence_pending,unassigned,classify_in_G0,discard_no_export_no_backup,unassigned,unassigned,reconstruction-dossier/inventories/database-objects.csv,pending,Classificacao G0 obrigatoria; dados atuais descartados
patient_surgeries,evidence_pending,unassigned,classify_in_G0,discard_no_export_no_backup,unassigned,unassigned,reconstruction-dossier/inventories/database-objects.csv,pending,Classificacao G0 obrigatoria; dados atuais descartados
patient_videos,evidence_pending,unassigned,classify_in_G0,discard_no_export_no_backup,unassigned,unassigned,reconstruction-dossier/inventories/database-objects.csv,pending,Classificacao G0 obrigatoria; dados atuais descartados
patients,evidence_pending,unassigned,classify_in_G0,discard_no_export_no_backup,unassigned,unassigned,reconstruction-dossier/inventories/database-objects.csv,pending,Classificacao G0 obrigatoria; dados atuais descartados
payment_methods,evidence_pending,unassigned,classify_in_G0,discard_no_export_no_backup,unassigned,unassigned,reconstruction-dossier/inventories/database-objects.csv,pending,Classificacao G0 obrigatoria; dados atuais descartados
payments,evidence_pending,unassigned,classify_in_G0,discard_no_export_no_backup,unassigned,unassigned,reconstruction-dossier/inventories/database-objects.csv,pending,Classificacao G0 obrigatoria; dados atuais descartados
physical_examinations,evidence_pending,unassigned,classify_in_G0,discard_no_export_no_backup,unassigned,unassigned,reconstruction-dossier/inventories/database-objects.csv,pending,Classificacao G0 obrigatoria; dados atuais descartados
pre_registration_tokens,evidence_pending,unassigned,classify_in_G0,discard_no_export_no_backup,unassigned,unassigned,reconstruction-dossier/inventories/database-objects.csv,pending,Classificacao G0 obrigatoria; dados atuais descartados
pre_registrations,evidence_pending,unassigned,classify_in_G0,discard_no_export_no_backup,unassigned,unassigned,reconstruction-dossier/inventories/database-objects.csv,pending,Classificacao G0 obrigatoria; dados atuais descartados
precadastro_tokens,evidence_pending,unassigned,classify_in_G0,discard_no_export_no_backup,unassigned,unassigned,reconstruction-dossier/inventories/database-objects.csv,pending,Classificacao G0 obrigatoria; dados atuais descartados
precadastros,evidence_pending,unassigned,classify_in_G0,discard_no_export_no_backup,unassigned,unassigned,reconstruction-dossier/inventories/database-objects.csv,pending,Classificacao G0 obrigatoria; dados atuais descartados
prescribed_exercises,evidence_pending,unassigned,classify_in_G0,discard_no_export_no_backup,unassigned,unassigned,reconstruction-dossier/inventories/database-objects.csv,pending,Classificacao G0 obrigatoria; dados atuais descartados
prestadores,evidence_pending,unassigned,classify_in_G0,discard_no_export_no_backup,unassigned,unassigned,reconstruction-dossier/inventories/database-objects.csv,pending,Classificacao G0 obrigatoria; dados atuais descartados
profiles,evidence_pending,unassigned,classify_in_G0,discard_no_export_no_backup,unassigned,unassigned,reconstruction-dossier/inventories/database-objects.csv,pending,Classificacao G0 obrigatoria; dados atuais descartados
projects,evidence_pending,unassigned,classify_in_G0,discard_no_export_no_backup,unassigned,unassigned,reconstruction-dossier/inventories/database-objects.csv,pending,Classificacao G0 obrigatoria; dados atuais descartados
protocol_exercises,evidence_pending,unassigned,classify_in_G0,discard_no_export_no_backup,unassigned,unassigned,reconstruction-dossier/inventories/database-objects.csv,pending,Classificacao G0 obrigatoria; dados atuais descartados
public_booking_requests,evidence_pending,unassigned,classify_in_G0,discard_no_export_no_backup,unassigned,unassigned,reconstruction-dossier/inventories/database-objects.csv,pending,Classificacao G0 obrigatoria; dados atuais descartados
push_subscriptions,evidence_pending,unassigned,classify_in_G0,discard_no_export_no_backup,unassigned,unassigned,reconstruction-dossier/inventories/database-objects.csv,pending,Classificacao G0 obrigatoria; dados atuais descartados
push_tokens,evidence_pending,unassigned,classify_in_G0,discard_no_export_no_backup,unassigned,unassigned,reconstruction-dossier/inventories/database-objects.csv,pending,Classificacao G0 obrigatoria; dados atuais descartados
quest_definitions,evidence_pending,unassigned,classify_in_G0,discard_no_export_no_backup,unassigned,unassigned,reconstruction-dossier/inventories/database-objects.csv,pending,Classificacao G0 obrigatoria; dados atuais descartados
rate_limits,evidence_pending,unassigned,classify_in_G0,discard_no_export_no_backup,unassigned,unassigned,reconstruction-dossier/inventories/database-objects.csv,pending,Classificacao G0 obrigatoria; dados atuais descartados
recibos,evidence_pending,unassigned,classify_in_G0,discard_no_export_no_backup,unassigned,unassigned,reconstruction-dossier/inventories/database-objects.csv,pending,Classificacao G0 obrigatoria; dados atuais descartados
recurring_series,evidence_pending,unassigned,classify_in_G0,discard_no_export_no_backup,unassigned,unassigned,reconstruction-dossier/inventories/database-objects.csv,pending,Classificacao G0 obrigatoria; dados atuais descartados
referral_codes,evidence_pending,unassigned,classify_in_G0,discard_no_export_no_backup,unassigned,unassigned,reconstruction-dossier/inventories/database-objects.csv,pending,Classificacao G0 obrigatoria; dados atuais descartados
referral_redemptions,evidence_pending,unassigned,classify_in_G0,discard_no_export_no_backup,unassigned,unassigned,reconstruction-dossier/inventories/database-objects.csv,pending,Classificacao G0 obrigatoria; dados atuais descartados
revenue_forecasts,evidence_pending,unassigned,classify_in_G0,discard_no_export_no_backup,unassigned,unassigned,reconstruction-dossier/inventories/database-objects.csv,pending,Classificacao G0 obrigatoria; dados atuais descartados
rooms,preserve,Scheduling,model_canonical_facilities,discard_no_export_no_backup,unassigned,produto+engenharia,reconstruction-dossier/inventories/database-objects.csv,proposed,Conceito de sala permanece; nenhuma linha atual e copiada; nunca confundir com telemedicina
salas,replace,Scheduling,model_canonical_facilities,discard_no_export_no_backup,unassigned,produto+engenharia,reconstruction-dossier/inventories/database-objects.csv,proposed,Unificar somente o conceito no modelo novo; nenhuma linha atual e copiada
satisfaction_surveys,evidence_pending,unassigned,classify_in_G0,discard_no_export_no_backup,unassigned,unassigned,reconstruction-dossier/inventories/database-objects.csv,pending,Classificacao G0 obrigatoria; dados atuais descartados
schedule_booking_window,evidence_pending,unassigned,classify_in_G0,discard_no_export_no_backup,unassigned,unassigned,reconstruction-dossier/inventories/database-objects.csv,pending,Classificacao G0 obrigatoria; dados atuais descartados
schedule_capacity,evidence_pending,unassigned,classify_in_G0,discard_no_export_no_backup,unassigned,unassigned,reconstruction-dossier/inventories/database-objects.csv,pending,Classificacao G0 obrigatoria; dados atuais descartados
schedule_no_show_policy,evidence_pending,unassigned,classify_in_G0,discard_no_export_no_backup,unassigned,unassigned,reconstruction-dossier/inventories/database-objects.csv,pending,Classificacao G0 obrigatoria; dados atuais descartados
schedule_slot_config,evidence_pending,unassigned,classify_in_G0,discard_no_export_no_backup,unassigned,unassigned,reconstruction-dossier/inventories/database-objects.csv,pending,Classificacao G0 obrigatoria; dados atuais descartados
scheduling_notification_settings,evidence_pending,unassigned,classify_in_G0,discard_no_export_no_backup,unassigned,unassigned,reconstruction-dossier/inventories/database-objects.csv,pending,Classificacao G0 obrigatoria; dados atuais descartados
security_events,evidence_pending,unassigned,classify_in_G0,discard_no_export_no_backup,unassigned,unassigned,reconstruction-dossier/inventories/database-objects.csv,pending,Classificacao G0 obrigatoria; dados atuais descartados
servicos,evidence_pending,unassigned,classify_in_G0,discard_no_export_no_backup,unassigned,unassigned,reconstruction-dossier/inventories/database-objects.csv,pending,Classificacao G0 obrigatoria; dados atuais descartados
session_archive_runs,evidence_pending,unassigned,classify_in_G0,discard_no_export_no_backup,unassigned,unassigned,reconstruction-dossier/inventories/database-objects.csv,pending,Classificacao G0 obrigatoria; dados atuais descartados
session_attachments,evidence_pending,unassigned,classify_in_G0,discard_no_export_no_backup,unassigned,unassigned,reconstruction-dossier/inventories/database-objects.csv,pending,Classificacao G0 obrigatoria; dados atuais descartados
session_package_templates,evidence_pending,unassigned,classify_in_G0,discard_no_export_no_backup,unassigned,unassigned,reconstruction-dossier/inventories/database-objects.csv,pending,Classificacao G0 obrigatoria; dados atuais descartados
session_packages,evidence_pending,unassigned,classify_in_G0,discard_no_export_no_backup,unassigned,unassigned,reconstruction-dossier/inventories/database-objects.csv,pending,Classificacao G0 obrigatoria; dados atuais descartados
session_templates,evidence_pending,unassigned,classify_in_G0,discard_no_export_no_backup,unassigned,unassigned,reconstruction-dossier/inventories/database-objects.csv,pending,Classificacao G0 obrigatoria; dados atuais descartados
sessions,evidence_pending,unassigned,classify_in_G0,discard_no_export_no_backup,unassigned,unassigned,reconstruction-dossier/inventories/database-objects.csv,pending,Classificacao G0 obrigatoria; dados atuais descartados
shop_items,evidence_pending,unassigned,classify_in_G0,discard_no_export_no_backup,unassigned,unassigned,reconstruction-dossier/inventories/database-objects.csv,pending,Classificacao G0 obrigatoria; dados atuais descartados
staff_blocks,evidence_pending,unassigned,classify_in_G0,discard_no_export_no_backup,unassigned,unassigned,reconstruction-dossier/inventories/database-objects.csv,pending,Classificacao G0 obrigatoria; dados atuais descartados
staff_performance_metrics,evidence_pending,unassigned,classify_in_G0,discard_no_export_no_backup,unassigned,unassigned,reconstruction-dossier/inventories/database-objects.csv,pending,Classificacao G0 obrigatoria; dados atuais descartados
staff_schedules,evidence_pending,unassigned,classify_in_G0,discard_no_export_no_backup,unassigned,unassigned,reconstruction-dossier/inventories/database-objects.csv,pending,Classificacao G0 obrigatoria; dados atuais descartados
standardized_test_results,evidence_pending,unassigned,classify_in_G0,discard_no_export_no_backup,unassigned,unassigned,reconstruction-dossier/inventories/database-objects.csv,pending,Classificacao G0 obrigatoria; dados atuais descartados
suppliers,evidence_pending,unassigned,classify_in_G0,discard_no_export_no_backup,unassigned,unassigned,reconstruction-dossier/inventories/database-objects.csv,pending,Classificacao G0 obrigatoria; dados atuais descartados
surgeries,evidence_pending,unassigned,classify_in_G0,discard_no_export_no_backup,unassigned,unassigned,reconstruction-dossier/inventories/database-objects.csv,pending,Classificacao G0 obrigatoria; dados atuais descartados
tarefa_comments,evidence_pending,unassigned,classify_in_G0,discard_no_export_no_backup,unassigned,unassigned,reconstruction-dossier/inventories/database-objects.csv,pending,Classificacao G0 obrigatoria; dados atuais descartados
tarefa_notification_log,evidence_pending,unassigned,classify_in_G0,discard_no_export_no_backup,unassigned,unassigned,reconstruction-dossier/inventories/database-objects.csv,pending,Classificacao G0 obrigatoria; dados atuais descartados
tarefa_templates,evidence_pending,unassigned,classify_in_G0,discard_no_export_no_backup,unassigned,unassigned,reconstruction-dossier/inventories/database-objects.csv,pending,Classificacao G0 obrigatoria; dados atuais descartados
tarefas,evidence_pending,unassigned,classify_in_G0,discard_no_export_no_backup,unassigned,unassigned,reconstruction-dossier/inventories/database-objects.csv,pending,Classificacao G0 obrigatoria; dados atuais descartados
task_acknowledgments,evidence_pending,unassigned,classify_in_G0,discard_no_export_no_backup,unassigned,unassigned,reconstruction-dossier/inventories/database-objects.csv,pending,Classificacao G0 obrigatoria; dados atuais descartados
task_assignments,evidence_pending,unassigned,classify_in_G0,discard_no_export_no_backup,unassigned,unassigned,reconstruction-dossier/inventories/database-objects.csv,pending,Classificacao G0 obrigatoria; dados atuais descartados
task_audit_logs,evidence_pending,unassigned,classify_in_G0,discard_no_export_no_backup,unassigned,unassigned,reconstruction-dossier/inventories/database-objects.csv,pending,Classificacao G0 obrigatoria; dados atuais descartados
task_boards,evidence_pending,unassigned,classify_in_G0,discard_no_export_no_backup,unassigned,unassigned,reconstruction-dossier/inventories/database-objects.csv,pending,Classificacao G0 obrigatoria; dados atuais descartados
task_columns,evidence_pending,unassigned,classify_in_G0,discard_no_export_no_backup,unassigned,unassigned,reconstruction-dossier/inventories/database-objects.csv,pending,Classificacao G0 obrigatoria; dados atuais descartados
task_visibility,evidence_pending,unassigned,classify_in_G0,discard_no_export_no_backup,unassigned,unassigned,reconstruction-dossier/inventories/database-objects.csv,pending,Classificacao G0 obrigatoria; dados atuais descartados
tasks,evidence_pending,unassigned,classify_in_G0,discard_no_export_no_backup,unassigned,unassigned,reconstruction-dossier/inventories/database-objects.csv,pending,Classificacao G0 obrigatoria; dados atuais descartados
telemedicine_rooms,replace,Telehealth,redesign_secure_telehealth,discard_no_export_no_backup,DEC-014,produto+responsavel_clinico,reconstruction-dossier/inventories/database-objects.csv,proposed,Telemedicina completa permanece no roadmap; nenhuma sala ou linha atual e copiada
therapist_commissions,evidence_pending,unassigned,classify_in_G0,discard_no_export_no_backup,unassigned,unassigned,reconstruction-dossier/inventories/database-objects.csv,pending,Classificacao G0 obrigatoria; dados atuais descartados
time_entries,evidence_pending,unassigned,classify_in_G0,discard_no_export_no_backup,unassigned,unassigned,reconstruction-dossier/inventories/database-objects.csv,pending,Classificacao G0 obrigatoria; dados atuais descartados
timer_drafts,evidence_pending,unassigned,classify_in_G0,discard_no_export_no_backup,unassigned,unassigned,reconstruction-dossier/inventories/database-objects.csv,pending,Classificacao G0 obrigatoria; dados atuais descartados
transacoes,evidence_pending,unassigned,classify_in_G0,discard_no_export_no_backup,unassigned,unassigned,reconstruction-dossier/inventories/database-objects.csv,pending,Classificacao G0 obrigatoria; dados atuais descartados
transactions,evidence_pending,unassigned,classify_in_G0,discard_no_export_no_backup,unassigned,unassigned,reconstruction-dossier/inventories/database-objects.csv,pending,Classificacao G0 obrigatoria; dados atuais descartados
treatment_cycles,evidence_pending,unassigned,classify_in_G0,discard_no_export_no_backup,unassigned,unassigned,reconstruction-dossier/inventories/database-objects.csv,pending,Classificacao G0 obrigatoria; dados atuais descartados
treatment_plans,evidence_pending,unassigned,classify_in_G0,discard_no_export_no_backup,unassigned,unassigned,reconstruction-dossier/inventories/database-objects.csv,pending,Classificacao G0 obrigatoria; dados atuais descartados
treatment_sessions,evidence_pending,unassigned,classify_in_G0,discard_no_export_no_backup,unassigned,unassigned,reconstruction-dossier/inventories/database-objects.csv,pending,Classificacao G0 obrigatoria; dados atuais descartados
user_agenda_appearance,evidence_pending,unassigned,classify_in_G0,discard_no_export_no_backup,unassigned,unassigned,reconstruction-dossier/inventories/database-objects.csv,pending,Classificacao G0 obrigatoria; dados atuais descartados
user_inventory,evidence_pending,unassigned,classify_in_G0,discard_no_export_no_backup,unassigned,unassigned,reconstruction-dossier/inventories/database-objects.csv,pending,Classificacao G0 obrigatoria; dados atuais descartados
user_invitations,evidence_pending,unassigned,classify_in_G0,discard_no_export_no_backup,unassigned,unassigned,reconstruction-dossier/inventories/database-objects.csv,pending,Classificacao G0 obrigatoria; dados atuais descartados
user_vouchers,evidence_pending,unassigned,classify_in_G0,discard_no_export_no_backup,unassigned,unassigned,reconstruction-dossier/inventories/database-objects.csv,pending,Classificacao G0 obrigatoria; dados atuais descartados
voucher_checkout_sessions,evidence_pending,unassigned,classify_in_G0,discard_no_export_no_backup,unassigned,unassigned,reconstruction-dossier/inventories/database-objects.csv,pending,Classificacao G0 obrigatoria; dados atuais descartados
vouchers,evidence_pending,unassigned,classify_in_G0,discard_no_export_no_backup,unassigned,unassigned,reconstruction-dossier/inventories/database-objects.csv,pending,Classificacao G0 obrigatoria; dados atuais descartados
wa_assignments,evidence_pending,unassigned,classify_in_G0,discard_no_export_no_backup,unassigned,unassigned,reconstruction-dossier/inventories/database-objects.csv,pending,Classificacao G0 obrigatoria; dados atuais descartados
wa_automation_rules,evidence_pending,unassigned,classify_in_G0,discard_no_export_no_backup,unassigned,unassigned,reconstruction-dossier/inventories/database-objects.csv,pending,Classificacao G0 obrigatoria; dados atuais descartados
wa_conversation_tags,evidence_pending,unassigned,classify_in_G0,discard_no_export_no_backup,unassigned,unassigned,reconstruction-dossier/inventories/database-objects.csv,pending,Classificacao G0 obrigatoria; dados atuais descartados
wa_conversations,evidence_pending,unassigned,classify_in_G0,discard_no_export_no_backup,unassigned,unassigned,reconstruction-dossier/inventories/database-objects.csv,pending,Classificacao G0 obrigatoria; dados atuais descartados
wa_dlq_messages,evidence_pending,unassigned,classify_in_G0,discard_no_export_no_backup,unassigned,unassigned,reconstruction-dossier/inventories/database-objects.csv,pending,Classificacao G0 obrigatoria; dados atuais descartados
wa_internal_notes,evidence_pending,unassigned,classify_in_G0,discard_no_export_no_backup,unassigned,unassigned,reconstruction-dossier/inventories/database-objects.csv,pending,Classificacao G0 obrigatoria; dados atuais descartados
wa_messages,evidence_pending,unassigned,classify_in_G0,discard_no_export_no_backup,unassigned,unassigned,reconstruction-dossier/inventories/database-objects.csv,pending,Classificacao G0 obrigatoria; dados atuais descartados
wa_opt_in_out,evidence_pending,unassigned,classify_in_G0,discard_no_export_no_backup,unassigned,unassigned,reconstruction-dossier/inventories/database-objects.csv,pending,Classificacao G0 obrigatoria; dados atuais descartados
wa_quick_replies,evidence_pending,unassigned,classify_in_G0,discard_no_export_no_backup,unassigned,unassigned,reconstruction-dossier/inventories/database-objects.csv,pending,Classificacao G0 obrigatoria; dados atuais descartados
wa_raw_events,evidence_pending,unassigned,classify_in_G0,discard_no_export_no_backup,unassigned,unassigned,reconstruction-dossier/inventories/database-objects.csv,pending,Classificacao G0 obrigatoria; dados atuais descartados
wa_sla_config,evidence_pending,unassigned,classify_in_G0,discard_no_export_no_backup,unassigned,unassigned,reconstruction-dossier/inventories/database-objects.csv,pending,Classificacao G0 obrigatoria; dados atuais descartados
wa_sla_tracking,evidence_pending,unassigned,classify_in_G0,discard_no_export_no_backup,unassigned,unassigned,reconstruction-dossier/inventories/database-objects.csv,pending,Classificacao G0 obrigatoria; dados atuais descartados
wa_tags,evidence_pending,unassigned,classify_in_G0,discard_no_export_no_backup,unassigned,unassigned,reconstruction-dossier/inventories/database-objects.csv,pending,Classificacao G0 obrigatoria; dados atuais descartados
waitlist,evidence_pending,unassigned,classify_in_G0,discard_no_export_no_backup,unassigned,unassigned,reconstruction-dossier/inventories/database-objects.csv,pending,Classificacao G0 obrigatoria; dados atuais descartados
waitlist_offers,evidence_pending,unassigned,classify_in_G0,discard_no_export_no_backup,unassigned,unassigned,reconstruction-dossier/inventories/database-objects.csv,pending,Classificacao G0 obrigatoria; dados atuais descartados
wearable_data,evidence_pending,unassigned,classify_in_G0,discard_no_export_no_backup,unassigned,unassigned,reconstruction-dossier/inventories/database-objects.csv,pending,Classificacao G0 obrigatoria; dados atuais descartados
wearable_oauth_tokens,evidence_pending,unassigned,classify_in_G0,discard_no_export_no_backup,unassigned,unassigned,reconstruction-dossier/inventories/database-objects.csv,pending,Classificacao G0 obrigatoria; dados atuais descartados
weekly_challenges,evidence_pending,unassigned,classify_in_G0,discard_no_export_no_backup,unassigned,unassigned,reconstruction-dossier/inventories/database-objects.csv,pending,Classificacao G0 obrigatoria; dados atuais descartados
whatsapp_automation_log,evidence_pending,unassigned,classify_in_G0,discard_no_export_no_backup,unassigned,unassigned,reconstruction-dossier/inventories/database-objects.csv,pending,Classificacao G0 obrigatoria; dados atuais descartados
whatsapp_contacts,evidence_pending,unassigned,classify_in_G0,discard_no_export_no_backup,unassigned,unassigned,reconstruction-dossier/inventories/database-objects.csv,pending,Classificacao G0 obrigatoria; dados atuais descartados
whatsapp_exercise_queue,evidence_pending,unassigned,classify_in_G0,discard_no_export_no_backup,unassigned,unassigned,reconstruction-dossier/inventories/database-objects.csv,pending,Classificacao G0 obrigatoria; dados atuais descartados
whatsapp_messages,evidence_pending,unassigned,classify_in_G0,discard_no_export_no_backup,unassigned,unassigned,reconstruction-dossier/inventories/database-objects.csv,pending,Classificacao G0 obrigatoria; dados atuais descartados
whatsapp_pending_replies,evidence_pending,unassigned,classify_in_G0,discard_no_export_no_backup,unassigned,unassigned,reconstruction-dossier/inventories/database-objects.csv,pending,Classificacao G0 obrigatoria; dados atuais descartados
wiki_categories,evidence_pending,unassigned,classify_in_G0,discard_no_export_no_backup,unassigned,unassigned,reconstruction-dossier/inventories/database-objects.csv,pending,Classificacao G0 obrigatoria; dados atuais descartados
wiki_comments,evidence_pending,unassigned,classify_in_G0,discard_no_export_no_backup,unassigned,unassigned,reconstruction-dossier/inventories/database-objects.csv,pending,Classificacao G0 obrigatoria; dados atuais descartados
wiki_dictionary,evidence_pending,unassigned,classify_in_G0,discard_no_export_no_backup,unassigned,unassigned,reconstruction-dossier/inventories/database-objects.csv,pending,Classificacao G0 obrigatoria; dados atuais descartados
wiki_page_versions,evidence_pending,unassigned,classify_in_G0,discard_no_export_no_backup,unassigned,unassigned,reconstruction-dossier/inventories/database-objects.csv,pending,Classificacao G0 obrigatoria; dados atuais descartados
wiki_pages,evidence_pending,unassigned,classify_in_G0,discard_no_export_no_backup,unassigned,unassigned,reconstruction-dossier/inventories/database-objects.csv,pending,Classificacao G0 obrigatoria; dados atuais descartados
xp_transactions,evidence_pending,unassigned,classify_in_G0,discard_no_export_no_backup,unassigned,unassigned,reconstruction-dossier/inventories/database-objects.csv,pending,Classificacao G0 obrigatoria; dados atuais descartados
